Redirect from,Redirect to
[QR_PREFIX]/magnetic-nvme-ssd-enclosure,/products/magnetic-usb-c-m-2-nvme-ssd-enclosure?view=resource-page
[QR_PREFIX]/usb-c-multimedia-hub,/products/usb-c-multimedia-10-in-1-gen-2-hub?view=resource-page
[QR_PREFIX]/usb-c-pro-dock,/products/usb-c-pro-dock?view=resource-page
[QR_PREFIX]/usb-c-travel-hub,/products/usb-c-travel-hub?view=resource-page
[QR_PREFIX]/45w-gan-charger,/products/45w-gan-usb-c-pd-wall-charger?view=resource-page
[QR_PREFIX]/65w-gan-charger,/products/ultimatepower-65w-gan-usb-c-pd-wall-charger?view=resource-page
[QR_PREFIX]/90w-gan-charger,/products/ultimatepower-90w-gan-usb-c-pd-wall-charger?view=resource-page
[QR_PREFIX]/120w-gan-charger,/products/ultimatepower-120w-gan-usb-c-pd-wall-charger?view=resource-page
[QR_PREFIX]/duraguard-usb-c-cable-1m,/products/duraguard-usb-c-to-usb-c-charge-and-sync-cable?view=resource-page
[QR_PREFIX]/4-port-usb-hub,/products/4-port-usb-3-hub-adapter-with-usb-c-pd-3?view=resource-page
